3.33.0,2020-08-14T13:42:48+0000
3.34.0,2020-12-01T16:36:09+0000
3.34.1,2021-01-20T14:38:30+0000
3.35.0,2021-03-12T15:52:15+0000
3.35.1,2021-03-15T17:26:20+0000
3.35.2,2021-03-17T19:45:32+0000
3.35.3,2021-03-26T14:24:54+0000
3.35.4,2021-04-02T15:40:15+0000
3.35.5,2021-04-19T18:56:33+0000
3.36.0,2021-06-18T18:52:21+0000
3.37.0,2021-11-27T15:05:24+0000
3.37.1,2021-12-30T15:56:40+0000
3.37.2,2022-01-06T13:43:51+0000
3.38.0,2022-02-22T19:18:24+0000
3.38.1,2022-03-12T14:04:38+0000
3.38.2,2022-03-26T14:21:25+0000
3.38.3,2022-04-27T13:59:11+0000
3.38.4,2022-05-04T16:09:35+0000
3.38.5,2022-05-06T15:46:33+0000
3.39.0,2022-06-25T15:22:12+0000
3.39.1,2022-07-13T20:35:39+0000
3.39.2,2022-07-21T16:02:15+0000
3.39.3,2022-09-05T11:28:58+0000
3.39.4,2022-09-29T16:01:49+0000
3.40.0,2022-11-16T13:42:37+0000
3.40.1,2022-12-28T14:26:39+0000
3.41.0,2023-02-21T19:38:31+0000
3.41.1,2023-03-10T13:59:24+0000
3.41.2,2023-03-22T13:45:15+0000
3.42.0,2023-05-16T13:45:23+0000
3.43.0,2023-08-24T13:59:55+0000
3.43.1,2023-09-11T13:43:43+0000
3.43.2,2023-10-10T15:08:59+0000
3.44.0,2023-11-01T11:31:50+0000
3.44.1,2023-11-22T14:53:59+0000
3.44.2,2023-11-24T13:33:56+0000
3.45.0,2024-01-15T17:26:39+0000
3.45.1,2024-01-30T16:24:03+0000
3.45.2,2024-03-12T11:23:08+0000
3.45.3,2024-04-15T13:46:07+0000
3.46.0,2024-05-23T13:51:07+0000
3.46.1,2024-08-13T11:02:58+0000
3.47.0,2024-10-21T16:48:05+0000
3.47.1,2024-11-25T13:55:55+0000
3.47.2,2024-12-07T20:57:53+0000
3.48.0,2025-01-14T11:22:28+0000
3.49.0,2025-02-06T13:59:18+0000
3.49.1,2025-02-18T14:09:45+0000
3.49.2,2025-05-07T11:06:24+0000
3.50.0,2025-05-29T14:35:06+0000
3.50.1,2025-06-06T15:14:39+0000
3.50.2,2025-06-28T14:24:28+0000
3.50.3,2025-07-17T13:33:15+0000
3.50.4,2025-07-30T19:45:48+0000
3.51.0,2025-11-05T12:18:03+0000
3.51.1,2025-11-28T17:50:43+0000
3.51.2,2026-01-09T18:30:22+0000
3.52.0,2026-03-06T16:21:36+0000
3.51.3,2026-03-13T11:39:57+0000
3.53.0,2026-04-09T13:11:49+0000
3.53.1,2026-05-05T10:49:22+0000
3.53.2,2026-06-03T19:27:35+0000
3.53.3,2026-06-26T20:21:16+0000
